{
	"editor": {
		"allAngles": false,
		"entityTextureMode": false
	},
	"textureWidth": 16,
	"textureHeight": 16,
	"textureSizes": {
	},
	"textures": {
	},
	"elements": [
		{
			"name": "SpoutW",
			"from": [ 7.0, 11.5, 7.5 ], 
			"to": [ 7.5, 14.5, 8.5 ], 
			"rotationOrigin": [ 7.0, 11.5, 7.5 ],
			"faces": {
				"north": { "texture": "#spout", "uv": [ 3.0, 12.5, 3.5, 15.5 ] },
				"east": { "texture": "#spout", "uv": [ 9.5, 9.0, 10.5, 12.0 ] },
				"south": { "texture": "#spout", "uv": [ 8.5, 3.5, 9.0, 6.5 ] },
				"west": { "texture": "#spout", "uv": [ 1.0, 7.0, 2.0, 10.0 ] },
				"up": { "texture": "#spout", "uv": [ 0.5, 12.5, 1.0, 13.5 ] },
				"down": { "texture": "#spout", "uv": [ 10.5, 0.5, 11.0, 1.5 ] }
			},
			"children": [
				{
					"name": "SpoutE",
					"from": [ 1.5, 0.0, 0.0 ], 
					"to": [ 2.0, 4.0, 1.0 ], 
					"rotationOrigin": [ 1.5, 0.0, 0.0 ],
					"faces": {
						"north": { "texture": "#spout", "uv": [ 13.0, 2.5, 17.0, 3.0 ] },
						"east": { "texture": "#spout", "uv": [ 6.0, 2.0, 7.0, 6.0 ] },
						"south": { "texture": "#spout", "uv": [ 11.0, 13.0, 15.0, 13.5 ] },
						"west": { "texture": "#spout", "uv": [ 2.0, 6.0, 3.0, 10.0 ] },
						"up": { "texture": "#spout", "uv": [ 11.5, 0.0, 12.5, 0.5 ] },
						"down": { "texture": "#spout", "uv": [ 0.0, 2.5, 0.5, 3.5 ] }
					}
				},
				{
					"name": "SpoutN",
					"from": [ 0.0, 0.0, -0.5 ], 
					"to": [ 2.0, 4.0, 0.0 ], 
					"rotationOrigin": [ 0.0, 0.0, -0.5 ],
					"faces": {
						"north": { "texture": "#spout", "uv": [ 3.0, 3.5, 5.0, 7.5 ] },
						"east": { "texture": "#spout", "uv": [ 8.0, 9.0, 8.5, 13.0 ] },
						"south": { "texture": "#spout", "uv": [ 4.0, 9.0, 6.0, 13.0 ] },
						"west": { "texture": "#spout", "uv": [ 1.5, 10.0, 2.0, 14.0 ] },
						"up": { "texture": "#spout", "uv": [ 11.5, 0.5, 13.5, 1.0 ] },
						"down": { "texture": "#spout", "uv": [ 11.0, 9.5, 13.0, 10.0 ] }
					}
				},
				{
					"name": "SpoutS",
					"from": [ 0.0, 0.0, 1.0 ], 
					"to": [ 2.0, 4.0, 1.5 ], 
					"rotationOrigin": [ 0.0, 0.0, 1.0 ],
					"faces": {
						"north": { "texture": "#spout", "uv": [ 11.0, 3.0, 15.0, 5.0 ] },
						"east": { "texture": "#spout", "uv": [ 0.5, 8.0, 1.0, 12.0 ] },
						"south": { "texture": "#spout", "uv": [ 1.0, 3.5, 5.0, 5.5 ] },
						"west": { "texture": "#spout", "uv": [ 13.0, 9.0, 13.5, 13.0 ] },
						"up": { "texture": "#spout", "uv": [ 14.5, 12.5, 15.0, 14.5 ] },
						"down": { "texture": "#spout", "uv": [ 8.5, 13.5, 10.5, 14.0 ] }
					}
				},
				{
					"name": "SpoutU",
					"from": [ -0.2, 4.0, -0.7 ], 
					"to": [ 2.2, 4.5, 1.7 ], 
					"rotationOrigin": [ -0.2, 4.0, -0.7 ],
					"faces": {
						"north": { "texture": "#spout", "uv": [ 13.0, 2.5, 15.0, 3.0 ] },
						"east": { "texture": "#spout", "uv": [ 6.0, 2.0, 8.0, 2.5 ] },
						"south": { "texture": "#spout", "uv": [ 11.0, 13.0, 13.0, 13.5 ] },
						"west": { "texture": "#spout", "uv": [ 2.0, 6.0, 4.0, 6.5 ] },
						"up": { "texture": "#spout", "uv": [ 11.5, 0.0, 13.5, 2.0 ] },
						"down": { "texture": "#spout", "uv": [ 0.0, 2.5, 2.0, 4.5 ] }
					}
				},
				{
					"name": "SpoutN1",
					"from": [ -1.2, 2.5, -0.5 ], 
					"to": [ 0.0, 3.0, 1.5 ], 
					"rotationOrigin": [ -1.2, 2.5, -0.5 ],
					"faces": {
						"north": { "texture": "#spout", "uv": [ 13.0, 2.5, 14.0, 3.0 ] },
						"east": { "texture": "#spout", "uv": [ 6.0, 2.0, 8.0, 2.5 ] },
						"south": { "texture": "#spout", "uv": [ 11.0, 13.0, 12.0, 13.5 ] },
						"west": { "texture": "#spout", "uv": [ 2.0, 6.0, 4.0, 6.5 ] },
						"up": { "texture": "#spout", "uv": [ 11.5, 0.0, 12.5, 2.0 ] },
						"down": { "texture": "#spout", "uv": [ 0.0, 2.5, 1.0, 4.5 ] }
					}
				},
				{
					"name": "SpoutN2",
					"from": [ -1.2, 3.0, -0.5 ], 
					"to": [ 0.0, 3.7, 0.0 ], 
					"rotationOrigin": [ -1.2, 3.0, -0.5 ],
					"faces": {
						"north": { "texture": "#spout", "uv": [ 13.0, 2.5, 14.0, 3.0 ] },
						"east": { "texture": "#spout", "uv": [ 6.0, 2.0, 6.5, 2.5 ] },
						"south": { "texture": "#spout", "uv": [ 11.0, 13.0, 12.0, 13.5 ] },
						"west": { "texture": "#spout", "uv": [ 2.0, 6.0, 2.5, 6.5 ] },
						"up": { "texture": "#spout", "uv": [ 11.5, 0.0, 12.5, 0.5 ] },
						"down": { "texture": "#spout", "uv": [ 0.0, 2.5, 1.0, 3.0 ] }
					}
				},
				{
					"name": "SpoutN3",
					"from": [ -1.2, 3.0, 1.0 ], 
					"to": [ 0.0, 3.7, 1.5 ], 
					"rotationOrigin": [ -1.2, 3.0, 1.0 ],
					"faces": {
						"north": { "texture": "#spout", "uv": [ 13.0, 2.5, 14.0, 3.0 ] },
						"east": { "texture": "#spout", "uv": [ 6.0, 2.0, 6.5, 2.5 ] },
						"south": { "texture": "#spout", "uv": [ 11.0, 13.0, 12.0, 13.5 ] },
						"west": { "texture": "#spout", "uv": [ 2.0, 6.0, 2.5, 6.5 ] },
						"up": { "texture": "#spout", "uv": [ 11.5, 0.0, 12.5, 0.5 ] },
						"down": { "texture": "#spout", "uv": [ 0.0, 2.5, 1.0, 3.0 ] }
					}
				}
			]
		},
		{
			"name": "Cube2",
			"from": [ 5.5, 9.5, 5.5 ], 
			"to": [ 10.5, 10.5, 10.5 ], 
			"rotationOrigin": [ 5.75, 9.5, 5.5 ],
			"faces": {
				"north": { "texture": "#color", "uv": [ 0.0, 0.0, 5.0, 1.0 ] },
				"east": { "texture": "#color", "uv": [ 0.0, 0.0, 5.0, 1.0 ] },
				"south": { "texture": "#color", "uv": [ 0.0, 0.0, 5.0, 1.0 ] },
				"west": { "texture": "#color", "uv": [ 0.0, 0.0, 5.0, 1.0 ] },
				"up": { "texture": "#color", "uv": [ 0.0, 0.0, 5.0, 5.0 ] },
				"down": { "texture": "#color", "uv": [ 0.0, 0.0, 5.0, 5.0 ] }
			}
		},
		{
			"name": "Cube3",
			"from": [ 5.0, 5.5, 5.0 ], 
			"to": [ 11.0, 9.5, 11.0 ], 
			"rotationOrigin": [ 5.55, 5.5, 5.5 ],
			"faces": {
				"north": { "texture": "#ornament", "uv": [ 5.0, 6.0, 11.0, 10.0 ] },
				"east": { "texture": "#ornament", "uv": [ 5.0, 6.0, 11.0, 10.0 ] },
				"south": { "texture": "#ornament", "uv": [ 5.0, 6.0, 11.0, 10.0 ] },
				"west": { "texture": "#ornament", "uv": [ 5.0, 6.0, 11.0, 10.0 ] },
				"up": { "texture": "#color", "uv": [ 0.0, 0.0, 6.0, 6.0 ] },
				"down": { "texture": "#color", "uv": [ 0.0, 0.0, 6.0, 6.0 ] }
			}
		},
		{
			"name": "Cube1",
			"from": [ 6.25, 10.5, 6.25 ], 
			"to": [ 9.75, 11.5, 9.75 ], 
			"rotationOrigin": [ 7.05, 10.5, 6.7 ],
			"faces": {
				"north": { "texture": "#ceramic", "uv": [ 0.0, 0.0, 3.5, 1.0 ] },
				"east": { "texture": "#ceramic", "uv": [ 0.0, 0.0, 3.5, 1.0 ] },
				"south": { "texture": "#ceramic", "uv": [ 0.0, 0.0, 3.5, 1.0 ] },
				"west": { "texture": "#ceramic", "uv": [ 0.0, 0.0, 3.5, 1.0 ] },
				"up": { "texture": "#ceramic", "uv": [ 0.0, 0.0, 3.5, 3.5 ] },
				"down": { "texture": "#ceramic", "uv": [ 0.0, 0.0, 3.5, 3.5 ] }
			}
		},
		{
			"name": "Cube4",
			"from": [ 5.75, 0.5, 5.75 ], 
			"to": [ 10.25, 1.5, 10.25 ], 
			"rotationOrigin": [ 5.95, 0.0, 5.7 ],
			"faces": {
				"north": { "texture": "#color", "uv": [ 0.0, 0.0, 4.5, 1.0 ] },
				"east": { "texture": "#color", "uv": [ 0.0, 0.0, 4.5, 1.0 ] },
				"south": { "texture": "#color", "uv": [ 0.0, 0.0, 4.5, 1.0 ] },
				"west": { "texture": "#color", "uv": [ 0.0, 0.0, 4.5, 1.0 ] },
				"up": { "texture": "#color", "uv": [ 0.0, 0.0, 4.5, 4.5 ] },
				"down": { "texture": "#color", "uv": [ 0.0, 0.0, 4.5, 4.5 ] }
			}
		},
		{
			"name": "HandleTopE",
			"from": [ 9.0, 14.5, 7.5 ], 
			"to": [ 10.75, 15.0, 8.5 ], 
			"rotationOrigin": [ 11.8, 16.0, 8.0 ],
			"faces": {
				"north": { "texture": "#handle", "uv": [ 3.0, 13.0, 4.5, 13.5 ] },
				"east": { "texture": "#handle", "uv": [ 6.0, 4.0, 7.0, 4.5 ] },
				"south": { "texture": "#handle", "uv": [ 11.5, 6.5, 13.0, 7.0 ] },
				"west": { "texture": "#handle", "uv": [ 14.5, 7.0, 15.5, 7.5 ] },
				"up": { "texture": "#handle", "uv": [ 11.0, 0.0, 12.5, 1.0 ] },
				"down": { "texture": "#handle", "uv": [ 5.5, 13.0, 7.0, 14.0 ] }
			},
			"children": [
				{
					"name": "HandleSideE",
					"from": [ 1.25, -2.5, 0.0 ], 
					"to": [ 1.75, 0.0, 1.0 ], 
					"rotationOrigin": [ 2.25, -1.0, 0.5 ],
					"faces": {
						"north": { "texture": "#handle", "uv": [ 6.0, 3.0, 6.5, 5.5 ] },
						"east": { "texture": "#handle", "uv": [ 6.5, 9.5, 7.5, 12.0 ] },
						"south": { "texture": "#handle", "uv": [ 12.0, 10.0, 12.5, 12.5 ] },
						"west": { "texture": "#handle", "uv": [ 4.0, 13.0, 5.0, 15.5 ] },
						"up": { "texture": "#handle", "uv": [ 1.5, 13.0, 2.0, 14.0 ] },
						"down": { "texture": "#handle", "uv": [ 10.5, 0.5, 11.0, 1.5 ] }
					}
				},
				{
					"name": "HandleDownE",
					"from": [ 0.0, -3.0, 0.0 ], 
					"to": [ 1.75, -2.5, 1.0 ], 
					"rotationOrigin": [ 2.8, -1.5, 0.5 ],
					"faces": {
						"north": { "texture": "#handle", "uv": [ 3.0, 13.0, 4.5, 13.5 ] },
						"east": { "texture": "#handle", "uv": [ 6.0, 4.0, 7.0, 4.5 ] },
						"south": { "texture": "#handle", "uv": [ 11.5, 6.5, 13.0, 7.0 ] },
						"west": { "texture": "#handle", "uv": [ 14.5, 7.0, 15.5, 7.5 ] },
						"up": { "texture": "#handle", "uv": [ 11.0, 0.0, 12.5, 1.0 ] },
						"down": { "texture": "#handle", "uv": [ 5.5, 13.0, 7.0, 14.0 ] }
					}
				}
			]
		},
		{
			"name": "Cube16",
			"from": [ 5.25, 3.5, 5.25 ], 
			"to": [ 10.75, 5.5, 10.75 ], 
			"rotationOrigin": [ 5.75, 3.5, 5.7 ],
			"faces": {
				"north": { "texture": "#color", "uv": [ 0.0, 0.0, 5.5, 2.0 ] },
				"east": { "texture": "#color", "uv": [ 0.0, 0.0, 5.5, 2.0 ] },
				"south": { "texture": "#color", "uv": [ 0.0, 0.0, 5.5, 2.0 ] },
				"west": { "texture": "#color", "uv": [ 0.0, 0.0, 5.5, 2.0 ] },
				"up": { "texture": "#color", "uv": [ 0.0, 0.0, 5.5, 5.5 ] },
				"down": { "texture": "#color", "uv": [ 0.0, 0.0, 5.5, 5.5 ] }
			}
		},
		{
			"name": "Cube17",
			"from": [ 5.5, 1.5, 5.5 ], 
			"to": [ 10.5, 3.5, 10.5 ], 
			"rotationOrigin": [ 5.95, 1.5, 5.5 ],
			"faces": {
				"north": { "texture": "#ornate", "uv": [ 0.0, 0.0, 5.0, 2.0 ] },
				"east": { "texture": "#ornate", "uv": [ 0.0, 0.0, 5.0, 2.0 ] },
				"south": { "texture": "#ornate", "uv": [ 0.0, 0.0, 5.0, 2.0 ] },
				"west": { "texture": "#ornate", "uv": [ 0.0, 0.0, 5.0, 2.0 ] },
				"up": { "texture": "#color", "uv": [ 0.0, 0.0, 5.0, 5.0 ] },
				"down": { "texture": "#color", "uv": [ 0.0, 0.0, 5.0, 5.0 ] }
			}
		},
		{
			"name": "Cube18",
			"from": [ 6.0, 0.0, 6.0 ], 
			"to": [ 10.0, 0.5, 10.0 ], 
			"rotationOrigin": [ 6.25, -0.5, 6.0 ],
			"faces": {
				"north": { "texture": "#color", "uv": [ 0.0, 0.0, 4.0, 0.5 ] },
				"east": { "texture": "#color", "uv": [ 0.0, 0.0, 4.0, 0.5 ] },
				"south": { "texture": "#color", "uv": [ 0.0, 0.0, 4.0, 0.5 ] },
				"west": { "texture": "#color", "uv": [ 0.0, 0.0, 4.0, 0.5 ] },
				"up": { "texture": "#color", "uv": [ 0.0, 0.0, 4.0, 4.0 ] },
				"down": { "texture": "#color", "uv": [ 0.0, 0.0, 4.0, 4.0 ] }
			}
		}
	]}