{
	"code": "leadglaze",
	"class": "ItemLiquidPortion",
	"matterState": "liquid",
    "variantgroups": [
		{ "code": "type","states": [ "blue", "red", "yellow", "purple", "green", "orange", "black", "gray", "pink", "white" ] }
	],

	"attributes": {
		"handbook": {
			"ignoreCreativeInvStacks": true
		},
		"waterTightContainerProps": {
			"containable": true,
			"itemsPerLitre": 100,
			"texture": { "base": "ceramos:block/liquid/leadglaze/{type}" },
			"allowSpill": true,
            "isOpaque": false,
			"whenSpilled": { 
				"action": "DropContents",
				"stack": { "type": "item", "code": "ceramos:leadglaze-{type}" } 
			}
		}
	},

	"shape": { "base": "game:item/liquid" },
	"texture": { "base": "ceramos:block/liquid/leadglaze/{type}" },
	"creativeinventoryStacks": [ { "tabs": ["general", "liquids", "ceramos"], "stacks": [ { "type": "block", "code": "game:woodbucket", "attributes": { "ucontents": [ { "type":"item", "code": "ceramos:leadglaze-{type}", "makefull": true } ] } } ] } ],
	"maxstacksize": 5000,
	"materialDensity": 250,
	"guiTransform": {
		"translation": { "x": 0, "y": 1, "z": 0 },
		"rotation": { "x": 123, "y": -33, "z": -13 },
		"origin": { "x": 0.5, "y": 0, "z": 0.5 },
		"scale": 1.4
	},

	"fpHandTransform": {
		"translation": { "x": 0, "y": 0, "z": 0 },
		"rotation": { "x": 25, "y": 157, "z": -5 }
	},
	
	"tpHandTransform": {
		"translation": { "x": -1.5, "y": -1, "z": -1.4 }
	}
}