{
	"code": "polisher",
	"drawtype": "json",
	"shape": { "base": "ceramos:item/tool/polisher" },
	"variantgroups": [{
	"code": "material",
	"states": [ "andesite", "granite", "peridotite", "basalt" ]
		}
	],

	"textures": {
		"stone": { "base": "game:block/stone/polishedrock/{material}" },
		"plain": { "base": "game:block/wood/debarked/oak" },
		"iron": { "base": "game:block/metal/ingot/iron" },
		"leather": { "base": "game:block/leather/plain" }
	},

	"attributes": {
		"handbook": { "groupBy": "polisher*" },
		"toolrackTransform": {
			"translation": {
				"x": -0.1,
				"y": 0.57,
				"z": 0
			},
			"rotation": {
				"x": 0,
				"y": -180,
				"z": 2
			},
			"scale": 1.1
			
		},
		"rackable": false
	},

	"damagedby": [ "blockbreaking", "attacking" ],
	"enabled": true,
	"durability": "250",
	"heldTpHitAnimation": "breaktool",
	"creativeinventory": { "general": [ "*" ], "tools": [ "*" ], "ceramos": [ "*" ] },
	"guiTransform": {
		"translation": { "x": 6, "y": 2, "z": 0},
		"rotation": { "x": -35, "y": -35, "z": -180 },
		"origin": {"x": 0.53,"y": 0,"z": 0.4},
		"scale": 2.4
	},

	"fpHandTransform": {
		"translation": {"x": 0.1,"y": 0.3,"z": 0},
		"rotation": {"x": 90,"y": 99,"z": -42},
		"origin": {"x": 0.5,"y": 0,"z": 0.5},
		"scale": 2.15
	},

	"groundTransform": {
		"translation": {"x": 0,"y": 0,"z": 0},
		"rotation": {"x": 0,"y": 0,"z": 0},
		"origin": {"x": 0.5,"y": 0,"z": 0.5},
		"scale": 4.31
	},
	
	"tpHandTransform": {
		"translation": {"x": -0.67,"y": -0.18,"z": -0.67},
		"rotation": {"x": 0,"y": 0,"z": 0},
		"origin": {"x": 0.5,"y": 0,"z": 0.5},
		"scale": 0.75
	}
	
}