{
	"code": "ceramawall",
	"class": "Block",
	"behaviors": [
		{"name": "HorizontalOrientable", "properties": {  "dropBlockFace": "east" } },
		{"name": "WrenchOrientable", "properties": { "baseCode": "ceramawall-{type}" }}
	],
	
	"variantgroups": [
		{"code": "type", 
		"states": 
		["parsley", "stamens", "petal", "cyanstars", "curles", "triangles",
		"crosslines", "colorful", "flower", "junglevines", "tulipleft", "tulipright"]},
		{ "loadFromProperties": "abstract/horizontalorientation" }
	],
	"attributes": 
		{
		"handbook": { "groupBy": "ceramawall-*" }
		},
	"shape": { "base": "game:block/basic/cube" },

	"collisionSelectionBox": { "x1": 0, "y1": 0, "z1": 0, "x2": 1, "y2": 1, "z2": 1 },
	
	"blockmaterial": "Stone",
	"drawtype": "cube",
	"creativeinventory": { "general": ["*-east"], "decorative": ["*-east"], "ceramos": ["*-east"] },
	"replaceable": 200,
	"resistance": 2.5,
	"lightAbsorption": 99,
	"heldTpIdleAnimation": "holdbothhandslarge", "heldTpUseAnimation": "twohandplaceblock",
	"texturesByType": {
		"*-north": { 
			"all": { "base": "game:block/stone/plaster/plain" },
			"south": { "base": "ceramos:block/cerama/dull/{type}*" }
		},
		"*-east": { 
			"all": { "base": "game:block/stone/plaster/plain" },
			"west": { "base": "ceramos:block/cerama/dull/{type}*" }

		},
		"*-south": { 
			"all": { "base": "game:block/stone/plaster/plain" },
			"north": { "base": "ceramos:block/cerama/dull/{type}*" }
		},
		"*-west": {
			"all": { "base": "game:block/stone/plaster/plain" },
			"east": { "base": "ceramos:block/cerama/dull/{type}*" }
		}
			
		
	},
	"sounds": {	"walk": "walk/stone" },
	"tpHandTransform": {
		"translation": { "x": -1.23, "y": -0.91, "z": -0.8 },
		"rotation": { "x": -2, "y": 25, "z": -78 },
		"scale": 0.4
	},
	"guiTransform": {
		"rotation": { "x": -25, "y": -135, "z": 0 },
		"scaleXyz": { "x": -1, "y": 1, "z": 1 }
	}
}