{
	"editor": {
		"allAngles": true,
		"entityTextureMode": false
	},
	"textureWidth": 16,
	"textureHeight": 16,
	"textureSizes": {
		"plain": [8,8],
		"iron": [8,8],
		"leather": [8,8],
		"stone": [8,8]
	},
	"textures": {
	},
	"elements": [
		{
			"name": "Base",
			"from": [ 5.0, 0.0, 6.5 ], 
			"to": [ 12.0, 1.0, 9.5 ], 
			"rotationOrigin": [ 8.0, 0.0, 8.5 ],
			"faces": {
				"north": { "texture": "#stone", "uv": [ 0.5, 4.5, 7.5, 5.5 ], "enabled": false },
				"east": { "texture": "#stone", "uv": [ 2.75, 4.25, 5.75, 5.25 ], "autoUv": false },
				"south": { "texture": "#stone", "uv": [ 0.0, 4.5, 7.0, 5.5 ], "enabled": false },
				"west": { "texture": "#stone", "uv": [ 3.0, 5.0, 6.0, 6.0 ] },
				"up": { "texture": "#stone", "uv": [ 0.0, 2.5, 7.0, 5.5 ] },
				"down": { "texture": "#stone", "uv": [ 0.25, 3.0, 7.25, 6.0 ] }
			},
			"children": [
				{
					"name": "BaseFA",
					"from": [ -0.01, -0.2, 2.66 ], 
					"to": [ 7.01, 0.3, 3.95 ], 
					"rotationOrigin": [ 3.0, -0.2, 4.6 ],
					"rotationX": 22.5,
					"faces": {
						"north": { "texture": "#stone", "uv": [ 0.0, 10.0, 7.0, 10.5 ], "enabled": false },
						"east": { "texture": "#stone", "uv": [ 2.0, 4.5, 3.0, 5.0 ] },
						"south": { "texture": "#stone", "uv": [ 0.0, 4.5, 7.0, 5.0 ] },
						"west": { "texture": "#stone", "uv": [ 3.0, 5.0, 4.0, 5.5 ] },
						"up": { "texture": "#stone", "uv": [ 0.0, 1.5, 7.0, 2.5 ] },
						"down": { "texture": "#stone", "uv": [ 0.0, 6.0, 7.0, 7.0 ], "enabled": false }
					},
					"children": [
						{
							"name": "BaseFB",
							"from": [ 0.01, 0.3378, 0.233 ], 
							"to": [ 7.01, 0.8378, 1.423 ], 
							"rotationOrigin": [ 3.01, 0.3378, 2.233 ],
							"rotationX": -22.5,
							"faces": {
								"north": { "texture": "#stone", "uv": [ 0.25, 4.5, 7.25, 5.0 ], "enabled": false },
								"east": { "texture": "#stone", "uv": [ 2.0, 4.5, 3.0, 5.0 ] },
								"south": { "texture": "#stone", "uv": [ 0.0, 4.5, 7.0, 5.0 ] },
								"west": { "texture": "#stone", "uv": [ 3.0, 5.0, 4.0, 5.5 ] },
								"up": { "texture": "#stone", "uv": [ 0.0, 1.5, 7.0, 2.5 ], "enabled": false },
								"down": { "texture": "#stone", "uv": [ 0.0, 6.0, 7.0, 7.0 ] }
							}
						}
					]
				},
				{
					"name": "BaseBA",
					"from": [ -0.01, 0.79, -1.15 ], 
					"to": [ 7.01, 1.29, 0.15 ], 
					"rotationOrigin": [ 3.0, 0.8, 0.8 ],
					"rotationX": -22.5,
					"faces": {
						"north": { "texture": "#stone", "uv": [ 0.25, 5.5, 7.25, 6.0 ] },
						"east": { "texture": "#stone", "uv": [ 2.0, 4.5, 3.25, 5.0 ] },
						"south": { "texture": "#stone", "uv": [ 0.0, 4.5, 7.0, 5.0 ], "enabled": false },
						"west": { "texture": "#stone", "uv": [ 3.0, 5.0, 4.25, 5.5 ] },
						"up": { "texture": "#stone", "uv": [ 0.0, 1.5, 7.0, 2.75 ] },
						"down": { "texture": "#stone", "uv": [ 0.0, 6.0, 7.0, 7.25 ], "enabled": false }
					},
					"children": [
						{
							"name": "BaseBB",
							"from": [ 0.01, -0.7291, -0.3461 ], 
							"to": [ 7.01, -0.2291, 0.8439 ], 
							"rotationOrigin": [ 3.01, -0.7291, 1.6439 ],
							"rotationX": 22.5,
							"faces": {
								"north": { "texture": "#stone", "uv": [ 0.25, 5.25, 7.25, 5.75 ] },
								"east": { "texture": "#stone", "uv": [ 2.0, 4.5, 3.0, 5.0 ] },
								"south": { "texture": "#stone", "uv": [ 0.0, 4.5, 7.0, 5.0 ], "enabled": false },
								"west": { "texture": "#stone", "uv": [ 3.0, 5.0, 4.0, 5.5 ] },
								"up": { "texture": "#stone", "uv": [ 0.0, 1.5, 7.0, 2.5 ], "enabled": false },
								"down": { "texture": "#stone", "uv": [ 0.0, 6.0, 7.0, 7.0 ] }
							}
						}
					]
				}
			]
		},
		{
			"name": "Handle",
			"from": [ 5.5, 3.0, 7.5 ], 
			"to": [ 11.5, 3.5, 8.5 ], 
			"rotationOrigin": [ 2.8839, 3.0, 10.1161 ],
			"faces": {
				"north": { "texture": "#plain", "uv": [ 0.0, 0.0, 6.0, 0.5 ] },
				"east": { "texture": "#plain", "uv": [ 0.0, 0.0, 1.0, 0.5 ] },
				"south": { "texture": "#plain", "uv": [ 0.0, 0.0, 6.0, 0.5 ] },
				"west": { "texture": "#plain", "uv": [ 0.0, 0.0, 1.0, 0.5 ] },
				"up": { "texture": "#plain", "uv": [ 0.0, 0.0, 6.0, 1.0 ] },
				"down": { "texture": "#plain", "uv": [ 0.0, 0.0, 6.0, 1.0 ] }
			},
			"children": [
				{
					"name": "HandleR",
					"from": [ 4.9, -1.5, 0.2 ], 
					"to": [ 5.5, 0.0, 0.8 ], 
					"rotationOrigin": [ 2.7483, -1.0, 2.2806 ],
					"faces": {
						"north": { "texture": "#iron", "uv": [ 0.0, 0.0, 0.5, 1.5 ] },
						"east": { "texture": "#iron", "uv": [ 0.0, 0.0, 0.5, 1.5 ] },
						"south": { "texture": "#iron", "uv": [ 0.0, 0.0, 0.5, 1.5 ] },
						"west": { "texture": "#iron", "uv": [ 0.0, 0.0, 0.5, 1.5 ] },
						"up": { "texture": "#iron", "uv": [ 0.0, 0.0, 0.5, 0.5 ] },
						"down": { "texture": "#iron", "uv": [ 0.0, 0.0, 0.5, 0.5 ] }
					}
				},
				{
					"name": "HandleL",
					"from": [ 0.5, -1.5, 0.2 ], 
					"to": [ 1.1, 0.0, 0.8 ], 
					"rotationOrigin": [ -1.6517, -1.0, 2.2806 ],
					"faces": {
						"north": { "texture": "#iron", "uv": [ 0.0, 0.0, 0.5, 1.5 ] },
						"east": { "texture": "#iron", "uv": [ 0.0, 0.0, 0.5, 1.5 ] },
						"south": { "texture": "#iron", "uv": [ 0.0, 0.0, 0.5, 1.5 ] },
						"west": { "texture": "#iron", "uv": [ 0.0, 0.0, 0.5, 1.5 ] },
						"up": { "texture": "#iron", "uv": [ 0.0, 0.0, 0.5, 0.5 ] },
						"down": { "texture": "#iron", "uv": [ 0.0, 0.0, 0.5, 0.5 ] }
					}
				},
				{
					"name": "HandleRB",
					"from": [ 4.6, -2.0, -0.8 ], 
					"to": [ 5.8, -1.5, 1.8 ], 
					"rotationOrigin": [ 2.4483, -2.0, 1.2806 ],
					"faces": {
						"north": { "texture": "#plain", "uv": [ 0.0, 0.0, 1.0, 0.5 ] },
						"east": { "texture": "#plain", "uv": [ 0.0, 0.0, 2.5, 0.5 ] },
						"south": { "texture": "#plain", "uv": [ 0.0, 0.0, 1.0, 0.5 ] },
						"west": { "texture": "#plain", "uv": [ 0.0, 0.0, 2.5, 0.5 ] },
						"up": { "texture": "#plain", "uv": [ 0.0, 0.0, 1.0, 2.5 ] },
						"down": { "texture": "#plain", "uv": [ 0.0, 0.0, 1.0, 2.5 ], "enabled": false }
					}
				},
				{
					"name": "RingR",
					"from": [ 4.8, -0.05, -0.1 ], 
					"to": [ 5.6, 0.55, 1.1 ], 
					"rotationOrigin": [ 4.8, -1.0, -0.1 ],
					"faces": {
						"north": { "texture": "#iron", "uv": [ 0.0, 0.0, 0.5, 0.5 ] },
						"east": { "texture": "#iron", "uv": [ 0.0, 0.0, 1.0, 0.5 ] },
						"south": { "texture": "#iron", "uv": [ 0.0, 0.0, 0.5, 0.5 ] },
						"west": { "texture": "#iron", "uv": [ 0.0, 0.0, 1.0, 0.5 ] },
						"up": { "texture": "#iron", "uv": [ 0.0, 0.0, 0.5, 1.0 ] },
						"down": { "texture": "#iron", "uv": [ 0.0, 0.0, 0.5, 1.0 ] }
					}
				},
				{
					"name": "RingL",
					"from": [ 0.4, -0.05, -0.1 ], 
					"to": [ 1.2, 0.55, 1.1 ], 
					"rotationOrigin": [ 0.4, -1.0, -0.1 ],
					"faces": {
						"north": { "texture": "#iron", "uv": [ 0.0, 0.0, 0.5, 0.5 ] },
						"east": { "texture": "#iron", "uv": [ 0.0, 0.0, 1.0, 0.5 ] },
						"south": { "texture": "#iron", "uv": [ 0.0, 0.0, 0.5, 0.5 ] },
						"west": { "texture": "#iron", "uv": [ 0.0, 0.0, 1.0, 0.5 ] },
						"up": { "texture": "#iron", "uv": [ 0.0, 0.0, 0.5, 1.0 ] },
						"down": { "texture": "#iron", "uv": [ 0.0, 0.0, 0.5, 1.0 ] }
					}
				},
				{
					"name": "HandleLB",
					"from": [ 0.2, -2.0, -0.8 ], 
					"to": [ 1.4, -1.5, 1.8 ], 
					"rotationOrigin": [ -1.4517, -2.0, 1.2806 ],
					"faces": {
						"north": { "texture": "#plain", "uv": [ 0.0, 0.0, 1.0, 0.5 ] },
						"east": { "texture": "#plain", "uv": [ 0.0, 0.0, 2.5, 0.5 ] },
						"south": { "texture": "#plain", "uv": [ 0.0, 0.0, 1.0, 0.5 ] },
						"west": { "texture": "#plain", "uv": [ 0.0, 0.0, 2.5, 0.5 ] },
						"up": { "texture": "#plain", "uv": [ 0.0, 0.0, 1.0, 2.5 ] },
						"down": { "texture": "#plain", "uv": [ 0.0, 0.0, 1.0, 2.5 ], "enabled": false }
					}
				},
				{
					"name": "RingLB",
					"from": [ 0.15, -2.0, -0.5 ], 
					"to": [ 1.45, -1.45, -0.2 ], 
					"rotationOrigin": [ 0.2, -2.0, -0.5 ],
					"faces": {
						"north": { "texture": "#iron", "uv": [ 0.0, 0.0, 1.25, 0.5 ] },
						"east": { "texture": "#iron", "uv": [ 0.0, 0.0, 0.25, 0.5 ] },
						"south": { "texture": "#iron", "uv": [ 0.0, 0.0, 1.25, 0.5 ] },
						"west": { "texture": "#iron", "uv": [ 0.0, 0.0, 0.25, 0.5 ] },
						"up": { "texture": "#iron", "uv": [ 0.0, 0.0, 1.25, 0.25 ] },
						"down": { "texture": "#iron", "uv": [ 0.0, 0.0, 1.25, 0.25 ] }
					}
				},
				{
					"name": "RingLF",
					"from": [ 0.15, -2.0, 1.2 ], 
					"to": [ 1.45, -1.45, 1.5 ], 
					"rotationOrigin": [ 0.2, -2.0, 1.2 ],
					"faces": {
						"north": { "texture": "#iron", "uv": [ 0.0, 0.0, 1.25, 0.5 ] },
						"east": { "texture": "#iron", "uv": [ 0.0, 0.0, 0.25, 0.5 ] },
						"south": { "texture": "#iron", "uv": [ 0.0, 0.0, 1.25, 0.5 ] },
						"west": { "texture": "#iron", "uv": [ 0.0, 0.0, 0.25, 0.5 ] },
						"up": { "texture": "#iron", "uv": [ 0.0, 0.0, 1.25, 0.25 ] },
						"down": { "texture": "#iron", "uv": [ 0.0, 0.0, 1.25, 0.25 ] }
					}
				},
				{
					"name": "RingRF",
					"from": [ 4.55, -2.0, 1.2 ], 
					"to": [ 5.85, -1.45, 1.5 ], 
					"rotationOrigin": [ 4.6, -2.0, 1.2 ],
					"faces": {
						"north": { "texture": "#iron", "uv": [ 0.0, 0.0, 1.25, 0.5 ] },
						"east": { "texture": "#iron", "uv": [ 0.0, 0.0, 0.25, 0.5 ] },
						"south": { "texture": "#iron", "uv": [ 0.0, 0.0, 1.25, 0.5 ] },
						"west": { "texture": "#iron", "uv": [ 0.0, 0.0, 0.25, 0.5 ] },
						"up": { "texture": "#iron", "uv": [ 0.0, 0.0, 1.25, 0.25 ] },
						"down": { "texture": "#iron", "uv": [ 0.0, 0.0, 1.25, 0.25 ] }
					}
				},
				{
					"name": "RingRB",
					"from": [ 4.55, -2.0, -0.5 ], 
					"to": [ 5.85, -1.45, -0.2 ], 
					"rotationOrigin": [ 4.6, -2.0, -0.5 ],
					"faces": {
						"north": { "texture": "#iron", "uv": [ 0.0, 0.0, 1.25, 0.5 ] },
						"east": { "texture": "#iron", "uv": [ 0.0, 0.0, 0.25, 0.5 ] },
						"south": { "texture": "#iron", "uv": [ 0.0, 0.0, 1.25, 0.5 ] },
						"west": { "texture": "#iron", "uv": [ 0.0, 0.0, 0.25, 0.5 ] },
						"up": { "texture": "#iron", "uv": [ 0.0, 0.0, 1.25, 0.25 ] },
						"down": { "texture": "#iron", "uv": [ 0.0, 0.0, 1.25, 0.25 ] }
					}
				}
			]
		},
		{
			"name": "Leather",
			"from": [ 4.96, -0.005, 5.3 ], 
			"to": [ 12.02, 0.495, 10.71 ], 
			"rotationOrigin": [ 4.9, -0.1, 5.2 ],
			"faces": {
				"north": { "texture": "#leather", "uv": [ 0.5, 2.75, 7.5, 3.25 ] },
				"east": { "texture": "#leather", "uv": [ 1.25, 4.0, 6.5, 4.5 ] },
				"south": { "texture": "#leather", "uv": [ 0.5, 3.25, 7.5, 3.75 ] },
				"west": { "texture": "#leather", "uv": [ 1.75, 3.5, 7.0, 4.0 ] },
				"up": { "texture": "#leather", "uv": [ 0.0, 0.0, 7.0, 5.25 ], "enabled": false },
				"down": { "texture": "#leather", "uv": [ 0.5, 1.0, 7.5, 6.25 ] }
			}
		},
		{
			"name": "BaseBA21",
			"from": [ 8.25, 1.24, 5.13 ], 
			"to": [ 8.75, 1.27, 6.43 ], 
			"rotationOrigin": [ 10.3, 1.3, 7.1 ],
			"rotationX": -22.5,
			"faces": {
				"north": { "texture": "#leather", "uv": [ 1.75, 5.5, 2.25, 5.75 ] },
				"east": { "texture": "#leather", "uv": [ 2.0, 4.5, 3.25, 4.75 ] },
				"south": { "texture": "#leather", "uv": [ 0.0, 4.5, 0.5, 4.75 ] },
				"west": { "texture": "#leather", "uv": [ 3.0, 5.0, 4.25, 5.25 ] },
				"up": { "texture": "#leather", "uv": [ 0.0, 1.5, 0.5, 2.75 ] },
				"down": { "texture": "#leather", "uv": [ 0.0, 6.0, 0.5, 7.25 ], "enabled": false }
			}
		},
		{
			"name": "BaseBA22",
			"from": [ 8.25, 0.24, 9.37 ], 
			"to": [ 8.75, 0.27, 10.67 ], 
			"rotationOrigin": [ 10.3, 0.3, 11.3 ],
			"rotationX": 22.5,
			"faces": {
				"north": { "texture": "#leather", "uv": [ 1.75, 5.5, 2.25, 5.75 ] },
				"east": { "texture": "#leather", "uv": [ 2.0, 4.5, 3.25, 4.75 ] },
				"south": { "texture": "#leather", "uv": [ 0.0, 4.5, 0.5, 4.75 ] },
				"west": { "texture": "#leather", "uv": [ 3.0, 5.0, 4.25, 5.25 ] },
				"up": { "texture": "#leather", "uv": [ 0.0, 1.5, 0.5, 2.75 ] },
				"down": { "texture": "#leather", "uv": [ 0.0, 6.0, 0.5, 7.25 ], "enabled": false }
			}
		},
		{
			"name": "BaseBA23",
			"from": [ 8.25, 0.98, 6.5 ], 
			"to": [ 8.75, 1.01, 9.51 ], 
			"rotationOrigin": [ 10.3, 1.1, 8.5 ],
			"faces": {
				"north": { "texture": "#leather", "uv": [ 1.75, 5.5, 2.25, 5.75 ] },
				"east": { "texture": "#leather", "uv": [ 2.0, 4.5, 5.0, 4.75 ] },
				"south": { "texture": "#leather", "uv": [ 0.0, 4.5, 0.5, 4.75 ] },
				"west": { "texture": "#leather", "uv": [ 3.0, 5.0, 6.0, 5.25 ] },
				"up": { "texture": "#leather", "uv": [ 0.0, 1.5, 0.5, 4.5 ] },
				"down": { "texture": "#leather", "uv": [ 0.0, 6.0, 0.5, 9.0 ], "enabled": false }
			}
		},
		{
			"name": "BaseBA24",
			"from": [ 8.2, 0.98, 8.4 ], 
			"to": [ 8.8, 1.03, 8.6 ], 
			"rotationOrigin": [ 10.2, 1.1, 10.4 ],
			"faces": {
				"north": { "texture": "#iron", "uv": [ 1.75, 5.5, 2.25, 5.75 ] },
				"east": { "texture": "#iron", "uv": [ 2.0, 4.5, 2.25, 4.75 ] },
				"south": { "texture": "#iron", "uv": [ 0.0, 4.5, 0.5, 4.75 ] },
				"west": { "texture": "#iron", "uv": [ 3.0, 5.0, 3.25, 5.25 ] },
				"up": { "texture": "#iron", "uv": [ 0.0, 1.5, 0.5, 1.75 ] },
				"down": { "texture": "#iron", "uv": [ 0.0, 6.0, 0.5, 6.25 ], "enabled": false }
			}
		},
		{
			"name": "BaseBA25",
			"from": [ 8.2, 0.98, 8.15 ], 
			"to": [ 8.8, 1.03, 8.35 ], 
			"rotationOrigin": [ 10.2, 1.1, 11.1 ],
			"faces": {
				"north": { "texture": "#iron", "uv": [ 1.75, 5.5, 2.25, 5.75 ] },
				"east": { "texture": "#iron", "uv": [ 2.0, 4.5, 2.25, 4.75 ] },
				"south": { "texture": "#iron", "uv": [ 0.0, 4.5, 0.5, 4.75 ] },
				"west": { "texture": "#iron", "uv": [ 3.0, 5.0, 3.25, 5.25 ] },
				"up": { "texture": "#iron", "uv": [ 0.0, 1.5, 0.5, 1.75 ] },
				"down": { "texture": "#iron", "uv": [ 0.0, 6.0, 0.5, 6.25 ], "enabled": false }
			}
		}
	]}