{
	"editor": {
		"allAngles": false,
		"entityTextureMode": false
	},
	"textureWidth": 16,
	"textureHeight": 16,
	"textureSizes": {
		"metal": [16,16],
		"wood": [16,16],
		"handle": [8,8]
	},
	"textures": {
	},
	"elements": [
		{
			"name": "origin",
			"from": [ 9.0, 0.5, 7.5 ], 
			"to": [ 9.0, 0.5, 7.5 ], 
			"rotationOrigin": [ 7.5, 0.0, 8.0 ],
			"faces": {
				"north": { "texture": "#string", "uv": [ 0.0, 0.0, 0.5, 0.5 ] },
				"east": { "texture": "#string", "uv": [ 0.0, 0.0, 0.5, 0.5 ] },
				"south": { "texture": "#string", "uv": [ 0.0, 0.0, 0.5, 0.5 ] },
				"west": { "texture": "#string", "uv": [ 0.0, 0.0, 0.5, 0.5 ] },
				"up": { "texture": "#string", "uv": [ 0.0, 0.0, 0.5, 0.5 ] },
				"down": { "texture": "#string", "uv": [ 0.0, 0.0, 0.5, 0.5 ] }
			},
			"children": [
				{
					"name": "Handle",
					"from": [ -6.0, -0.5, -0.1 ], 
					"to": [ 0.0, 0.7, 1.1 ], 
					"rotationOrigin": [ -2.0, 0.0, 0.5 ],
					"faces": {
						"north": { "texture": "#wood", "uv": [ 0.0, 5.5, 6.0, 6.5 ] },
						"east": { "texture": "#wood", "uv": [ 0.5, 0.5, 1.5, 1.5 ] },
						"south": { "texture": "#wood", "uv": [ 0.0, 10.5, 6.0, 11.5 ] },
						"west": { "texture": "#wood", "uv": [ 14.0, 10.0, 15.0, 11.0 ] },
						"up": { "texture": "#wood", "uv": [ 0.0, 2.5, 6.0, 3.5 ] },
						"down": { "texture": "#wood", "uv": [ 0.0, 5.0, 6.0, 6.0 ] }
					},
					"children": [
						{
							"name": "Ramp U",
							"from": [ 6.0, 0.8, 0.0 ], 
							"to": [ 8.0, 1.2, 1.2 ], 
							"rotationOrigin": [ 6.0, 1.2, 0.0 ],
							"rotationZ": -11.5,
							"faces": {
								"north": { "texture": "#wood", "uv": [ 12.0, 1.0, 14.0, 1.5 ] },
								"east": { "texture": "#wood", "uv": [ 11.0, 12.0, 12.0, 12.5 ] },
								"south": { "texture": "#wood", "uv": [ 8.0, 12.0, 10.0, 12.5 ] },
								"west": { "texture": "#wood", "uv": [ 10.0, 11.0, 11.0, 11.5 ] },
								"up": { "texture": "#wood", "uv": [ 6.0, 14.0, 8.0, 15.0 ] },
								"down": { "texture": "#wood", "uv": [ 4.0, 5.0, 6.0, 6.0 ] }
							}
						},
						{
							"name": "Ramp D",
							"from": [ 6.0, 0.0, 0.0 ], 
							"to": [ 8.0, 0.4, 1.2 ], 
							"rotationOrigin": [ 6.0, 0.0, 0.0 ],
							"rotationZ": 11.5,
							"faces": {
								"north": { "texture": "#wood", "uv": [ 12.0, 1.0, 14.0, 1.5 ] },
								"east": { "texture": "#wood", "uv": [ 11.0, 12.0, 12.0, 12.5 ] },
								"south": { "texture": "#wood", "uv": [ 8.0, 12.0, 10.0, 12.5 ] },
								"west": { "texture": "#wood", "uv": [ 10.0, 11.0, 11.0, 11.5 ] },
								"up": { "texture": "#wood", "uv": [ 6.0, 14.0, 8.0, 15.0 ] },
								"down": { "texture": "#wood", "uv": [ 4.0, 5.0, 6.0, 6.0 ] }
							}
						},
						{
							"name": "Blade",
							"from": [ 6.0, 0.45, -1.65 ], 
							"to": [ 11.0, 0.75, 2.85 ], 
							"rotationOrigin": [ 6.0, 0.0, -1.0 ],
							"faces": {
								"north": { "texture": "#metal", "uv": [ 0.0, 0.0, 5.0, 0.5 ] },
								"east": { "texture": "#metal", "uv": [ 0.0, 0.0, 4.5, 0.5 ] },
								"south": { "texture": "#metal", "uv": [ 0.0, 0.0, 5.0, 0.5 ] },
								"west": { "texture": "#metal", "uv": [ 0.0, 0.0, 4.5, 0.5 ] },
								"up": { "texture": "#metal", "uv": [ 2.0, 1.5, 7.0, 6.0 ] },
								"down": { "texture": "#metal", "uv": [ 1.5, 1.5, 6.5, 6.0 ] }
							}
						},
						{
							"name": "Blade Tip U",
							"from": [ 11.0, 0.65, -1.65 ], 
							"to": [ 12.0, 0.75, 2.85 ], 
							"rotationOrigin": [ 11.0, 0.75, 1.6 ],
							"rotationZ": -6.0,
							"faces": {
								"north": { "texture": "#metal", "uv": [ 0.0, 0.0, 1.0, 0.5 ] },
								"east": { "texture": "#metal", "uv": [ 1.0, 0.0, 5.5, 0.5 ] },
								"south": { "texture": "#metal", "uv": [ 0.0, 0.0, 1.0, 0.5 ] },
								"west": { "texture": "#metal", "uv": [ 1.0, 0.0, 5.5, 0.5 ] },
								"up": { "texture": "#metal", "uv": [ 0.5, 6.5, 1.5, 11.0 ] },
								"down": { "texture": "#metal", "uv": [ 0.0, 5.0, 1.0, 9.5 ] }
							}
						},
						{
							"name": "Blade Tip D",
							"from": [ 11.0, 0.45, -1.65 ], 
							"to": [ 12.0, 0.65, 2.85 ], 
							"rotationOrigin": [ 11.0, 0.5, 1.6 ],
							"faces": {
								"north": { "texture": "#metal", "uv": [ 0.0, 0.0, 1.0, 0.5 ] },
								"east": { "texture": "#metal", "uv": [ 5.0, 0.0, 9.5, 0.5 ] },
								"south": { "texture": "#metal", "uv": [ 0.0, 0.0, 1.0, 0.5 ] },
								"west": { "texture": "#metal", "uv": [ 4.0, 0.0, 8.5, 0.5 ] },
								"up": { "texture": "#metal", "uv": [ 0.0, 0.0, 1.0, 4.5 ], "enabled": false },
								"down": { "texture": "#metal", "uv": [ 0.0, 0.0, 1.0, 4.5 ] }
							}
						},
						{
							"name": "Handle ring",
							"from": [ 5.75, -0.1, -0.1 ], 
							"to": [ 6.25, 1.3, 1.3 ], 
							"rotationOrigin": [ 5.8, -0.1, -0.1 ],
							"faces": {
								"north": { "texture": "#metal", "uv": [ 0.0, 0.0, 0.5, 1.0 ] },
								"east": { "texture": "#metal", "uv": [ 0.0, 0.0, 1.0, 1.0 ] },
								"south": { "texture": "#metal", "uv": [ 0.0, 0.0, 0.5, 1.0 ] },
								"west": { "texture": "#metal", "uv": [ 0.0, 0.0, 1.0, 1.0 ] },
								"up": { "texture": "#metal", "uv": [ 0.0, 0.0, 0.5, 1.0 ] },
								"down": { "texture": "#metal", "uv": [ 0.0, 0.0, 0.5, 1.0 ] }
							}
						}
					]
				}
			]
		}
	]}